{
  "resolution": [
    480,
    360
  ],
  "checkerboard_size": [
    5,
    8
  ],
  "square_size_mm": 27,
  "rms_error": 0.15170981936364572,
  "camera_matrix": [
    [
      518.6728655469741,
      0.0,
      319.18965914121924
    ],
    [
      0.0,
      519.9844492547339,
      163.74962450205368
    ],
    [
      0.0,
      0.0,
      1.0
    ]
  ],
  "dist_coeffs": [
    [
      0.16851847241796122,
      -1.2121231860176374,
      -0.006862683292463011,
      0.0005447986737284954,
      3.382806955287476
    ]
  ],
  "frames_used": 24
}