{
  "resolution": [
    1280,
    720
  ],
  "checkerboard_size": [
    5,
    8
  ],
  "square_size_mm": 26.9,
  "rms_error": 0.27511127322051654,
  "camera_matrix": [
    [
      1052.7010962873374,
      0.0,
      645.7337891421196
    ],
    [
      0.0,
      1052.4690035667643,
      319.9347518894348
    ],
    [
      0.0,
      0.0,
      1.0
    ]
  ],
  "dist_coeffs": [
    [
      0.10898316916013474,
      -0.7237336568279324,
      -0.007848471664488961,
      0.0033149667234458925,
      2.0154539305104113
    ]
  ],
  "frames_used": 21
}