{
    "camera_matrix": [
        [
            523.8337608959068,
            0.0,
            321.2501570198739
        ],
        [
            0.0,
            523.7304937765216,
            167.65505171102498
        ],
        [
            0.0,
            0.0,
            1.0
        ]
    ],
    "dist_coeffs": [
        [
            0.10714938692514227,
            -0.5973856032778347,
            0.0007975831700201484,
            0.0016625950426123212,
            1.2971235924667965
        ]
    ],
    "rms_error": 0.04706405026294687
}